Фраза;URL;Столбец1;
барбекю гриль с крышкой;s-kryshkoj;;
гриль с крышкой;s-kryshkoj;;
закрытый гриль;s-kryshkoj;;
;;;
гриль встроенный в столешницу;dlya-kuhni;;
встраиваемый гриль для кухни;dlya-kuhni;;
встраиваемый гриль электрический;dlya-kuhni;;
гриль для кухни;dlya-kuhni;;
гриль кухонный;dlya-kuhni;;
;;;
печи гриль для дачи;dlya-dachi;;
печка гриль для дачи;dlya-dachi;;
печь гриль для дачи;dlya-dachi;;
печь гриль на углях;dlya-dachi;;
газовый гриль для дачи;dlya-dachi;;
гриль барбекю для дачи;dlya-dachi;;
;;;
садовые грили и барбекю;sadovyj;;
садовый гриль купить;sadovyj;;
садовый гриль мангал;sadovyj;;
;;;
мангал гриль коптильня;koptilnya;;
гриль коптильня;koptilnya;;
гриль коптильня для дачи;koptilnya;;
гриль мангал для дачи;koptilnya;;
коптильня гриль барбекю;koptilnya;;
коптильня гриль купить;koptilnya;;
гриль угольный коптильня;koptilnya;;
как пользоваться гриль коптильней;koptilnya;;
;;;
гриль барбекю на дровах;na-drovah;;
гриль для дачи дровяной;na-drovah;;
гриль на древесном угле;na-drovah;;
гриль на дровах;na-drovah;;
гриль на дровах купить;na-drovah;;
гриль на углях для дачи;na-drovah;;
гриль угольный для дачи;na-drovah;;
купить дровяной гриль;na-drovah;;
;;;
гриль барбекю стационарный;stacionarnyj;;
стационарный гриль;stacionarnyj;;
;;;
купить гриль с керамическим покрытием;keramicheskij;;
гриль керамика;keramicheskij;;
гриль газ с керамическим покрытием;keramicheskij;;
керамический гриль на углях;keramicheskij;;
стеклокерамический гриль;keramicheskij;;
напольный гриль;keramicheskij;"По запросу одствечитваются ""керамические грили""";
;;;
гриль с антипригарным покрытием;s-antiprigarnym-pokrytiem;;
;;;
гриль на балконе;dlya-balkona;;
гриль для балкона;dlya-balkona;;
гриль бытовой;dlya-balkona;;
гриль для квартиры;dlya-balkona;;
гриль для помещения;dlya-balkona;;
;;;
гриль на террасе;dlya-besedki;;
гриль для беседки;dlya-besedki;;
купить гриль барбекю для беседки;dlya-besedki;;
печи гриль для беседки;dlya-besedki;;
;;;
гриль для кафе;dlya-kafe;;
гриль на углях для ресторанов;dlya-kafe;;
купить гриль для кафе;dlya-kafe;;
профессиональный гриль для ресторана;dlya-kafe;;
печи гриль для кафе;dlya-kafe;;
гриль газовый профессиональный;dlya-kafe;;
;;;
гриль на природе;dlya-piknika;;
гриль для пикника;dlya-piknika;;
гриль барбекю пикник;dlya-piknika;;
;;;
универсальный гриль;universalnyj;;
универсальный мини гриль;universalnyj;;
;;;
гриль на улице;dlya-ulitsy;;
купить гриль барбекю для улицы;dlya-ulitsy;;
гриль для улицы;dlya-ulitsy;;
гриль для улицы купить;dlya-ulitsy;;
;;;
портативный гриль барбекю;portativnyj;;
гриль портативный;portativnyj;;
гриль компактный;portativnyj;;
компактный гриль;portativnyj;;
;;;
гриль настольный электрический;nastolnyj;;
купить настольный гриль;nastolnyj;;
настольный гриль;nastolnyj;;
;;;
гриль на колесах;na-kolesah;;
гриль тележка;na-kolesah;;
мобильный гриль;na-kolesah;;
передвижной гриль;na-kolesah;;
купить гриль на колесах;na-kolesah;;
;;;
гриль открытый;otkrytyj;;
гриль на открытом огне;otkrytyj;;
;;;
гриль электро;s-elektroprivodom;;
гриль с электроприводом;s-elektroprivodom;;
;;;
гриль шампурный;shashlychnitsa;;
гриль шашлычница;shashlychnitsa;;
;;;
круглый гриль;kruglyj;;
круглый гриль барбекю;kruglyj;;
гриль сферический;kruglyj;;
;;;
мини газовый гриль;mini;;
мини гриль;mini;;
мини гриль для дома;mini;;
мини гриль духовка;mini;;
мини гриль купить;mini;;
мини гриль электрический;mini;;
гриль маленький;mini;;
;;;
многофункциональный гриль;mnogofunkcionalnyj;;
многофункциональный гриль купить;mnogofunkcionalnyj;;
комбинированный гриль;mnogofunkcionalnyj;;
;;;
мангал гриль с откидными решетками;;;
;;;
металлический гриль;metallicheskij;;
;;;
газовый лавовый гриль;lavovyj;;
;;;
гриль на камне;na-kamne;;
;;;
премиум гриль;premium;;
;;;
гриль производственный;proizvodstvennyj;;
;;;
гриль для магазина купить;dlya-magazina;;
;;;
складной гриль барбекю;skladnoj;;
;;;